Brand Name,Posted on,Price
Harley Davidson dealership sign,"[""Sep 20"", ""\xA5150000""]"
Djebel 250 dual sport motorcycle,"[""Sep 18"", ""\xA555000""]"
Suzuki Birdie 24000km,"[""Sep 15"", ""\xA5100000""]"
Honda Dio and Suzuki Birdie,"[""Sep  5"", ""\xA515000""]"
HARLEY DAVIDSON MOTORCYCLES,"[""Sep 17"", ""\xA560000""]"
CUSTOM BIKE,"[""Sep 21"", ""\xA5250000""]"
Yamaha TW200,"[""Sep 21"", ""\xA51""]"
Mini motorbike like new,"[""Sep 19"", ""\xA5300000""]"
Vintage Kawasaki / Honda Parts,"[""Sep 19"", ""\xA548000""]"
Kawasaki Ninja 250R 2012,"[""Sep 17"", ""\xA510000""]"
Scooter on sale,"[""Sep 17"", ""\xA5125000""]"
2009 Harley Davidson Touring FLHT Cruiser Electra Glide,"[""Sep 17"", ""\xA5120000""]"
SYM Fighter 150 ZR,"[""Sep 16"", ""\xA51021195""]"
Honda GIORNO 50cc Scooter,"[""Sep 16"", ""\xA520000""]"
1956 Triumph T110 Pre Unit Chopper,"[""Sep 16"", ""\xA51980000""]"
knucklehead,"[""Sep 15"", ""\xA51160000""]"
CUSTOM MADE TRIKE,"[""Sep 12"", ""\xA510000""]"
Harley-Davidson EGlide,"[""Sep 12"", ""\xA521000""]"
1982 Harley Davidson fx shovel head custom chopper rat rod clean,"[""Sep 11"", ""\xA5400000""]"
new SHOEI helmet SP-11( X-8) Luminous White XL (61cm),"[""Sep 11"", ""\xA5200000""]"
2015 Yamaha YZF-R6,"[""Sep 10"", ""\xA5150000""]"
Buell XB9R,"[""Sep  7"", ""\xA5180000""]"
Honda Steed custom Chopper,"[""Sep  5"", ""\xA528000""]"
"016 Suzuki GSX-S750, for sale","[""Sep  5"", ""\xA5200000""]"
"2016 Suzuki GSX-S750,","[""Sep  5"", ""\xA51""]"
1972 Kawasaki H2 750 Mach IV,"[""Aug 27"", ""\xA5750000""]"
Honda Magna 250cc,"[""Sep  3"", ""\xA530000""]"
SCARABEO 250,"[""Aug 26"", ""\xA5600000""]"
Suzuki lets2,"[""Sep  1"", ""\xA5160000""]"
1957 panhead and 1982 shovel show winner,"[""Aug 31"", ""\xA544900""]"
Delivery Scooter Reduced price,"[""Aug 25"", ""\xA512""]"
2008 FLHTCUI,"[""Aug 21"", ""\xA5172000""]"
1982 shovelhead harley flhc,"[""Aug 17"", ""\xA55000""]"
2015 Suzuki Gsx-R 1000,"[""Aug 16"", ""\xA5130000""]"
1948 Harley Davidson Panhead,"[""Aug 16"", ""\xA510000""]"
BMW 1150R 2003,"[""Aug 15"", ""\xA57000""]"
Kawasaki D tracker X 2012 EFI  full modified,"[""Aug 15"", nil]"
Honda Dio 50cc Silver Bullet,"[""Aug 14"", nil]"
55 panhead motor,"[""Aug 14"", nil]"
2007 Kawasaki Ninja 250,"[""Aug 13"", nil]"
1972 Shovelhead,"[""Aug 13"", nil]"
Dunk USED 50cc  ãƒ›ãƒ³ãƒ€ ãƒ€ãƒ³ã‚¯,"[""Aug 13"", nil]"
2013 Harley Davidson Road Glide Custom,"[""Aug 11"", nil]"
2015 Harley Davidson Iron 883,"[""Aug 10"", nil]"
"Yamaha Zenith helmet - LIKE NEW built in shades, full face","[""Aug  8"", nil]"
Racing boots,"[""Aug  8"", nil]"
